{"cameraMode":{"drawMode":0,"name":"Shaded","section":"Shading Mode"},"sceneLighting":true,"audioPlay":false,"sceneViewState":{"m_AlwaysRefresh":false,"showFog":true,"showSkybox":true,"showFlares":true,"showImageEffects":true,"showParticleSystems":true,"showVisualEffectGraphs":true,"m_FxEnabled":true},"in2DMode":false,"pivot":{"x":82.87409210205078,"y":-14.122291564941407,"z":91.61076354980469},"rotation":{"x":0.05507354065775871,"y":0.8966566324234009,"z":-0.4235633909702301,"w":0.11658945679664612},"size":42.606876373291019,"orthographic":false}